title,year
The Rising Son,1990
The Thousand Plane Raid,1969
The Spider and the Fly,1949
Country,2000
The Golden Note,2017
Huang jia ni gu,1990
Gaiking II,2011
Medusa (IV),2015
The Fresh Air Will Do You Good,2008
Alex in Wonderland,1970
L'outsider,2016
Death Ouija 2,2017
Do Outro Lado do Mundo,2008
Slave by Name,2017
I'm Dreaming of a White Doomsday,2017
Insaaf Main Karoonga,1985
Poka Makorer Ghar Bosoti,1996
"Hi, Buddy",1943
Los siete locos,1973
Panic Room,2002
Io sono un autarchico,1976
Shobhna's Seven Nights,2012
Mahapurush,1965
Maa Durga Shakti,1999
Patria,1917
Passenger Side,2009
Ang pumatay ng dahil sa iyo,1989
Conflict of Interest,1993
The Syndicate,2011
"Suzanne, professeur de flirt",1916
Arrive Alive,1990
Firstborn,1984
The Majestic Life of Queen Elizabeth II,2013
Velvet Rut,2012
Dreamscape,2011
Der Brocken,1992
The Hidden Corner,2016
Nariman,2001
The Court,1998
His Excellency,1952
Dressing Table,2016
Meigui xuanwo,2000
Pruebas,2011
La momia azteca contra el robot humano,1958
Plague Town,2008
Northfork,2003
The Fair Pretender,1918
Incognita,2012
Mavi boncuk,1958
Yanik kaval,1947
Torn Apart,1990
Lo mejor del mundo,2009
Stolen,2012
Piliste Palukutha,2003
Murder Hill,2018
Sabse Bada Be-Imaan,2000
Tin dei hung sam,1997
Dead Awake,2010
Ambilkan bulan,2012
Critical Care,1997
Woman Trap,1929
The Amityville Horror,2005
Migimagari No Dandy,1989
Dream Cash,2012
Lacchimdeviki O Lekkundi,2016
I lagens namn,1986
Monkey Warfare,2006
Pellama Mazaka,1993
Pendekar tangan hitam,1977
Ji-mineun seulpeuji anhda,1963
Yeo-haeng-ja,2009
Ang Boxer at Ang Sexy,1972
Das Blaue vom Himmel,1932
Vacances portugaises,1963
Campo O' Donnell,1950
Three on a Ticket,1947
The Abductress,2014
Yan joi bin yuen,1999
Chila Taxi,2015
The Billionaire,2018
Ordem Moral,2018
Yeojinjok,1969
Faust,2009
Delusion of the Fury,2014
Pranchiyettan and the Saint,2010
Luffar-Petter,1922
Bring Happiness Home,2013
A Dog for Christmas,2015
Vivre pour survivre,1985
Les matous sont romantiques,1981
California Dreaming,1979
Ai no Sanka,1967
Evensong,1934
Thieves of Fortune,1990
Botta e risposta,1950
Die Nacht der Entscheidung,1917
Perdeu-se um Marido,1957
Taylor's Return,1997
Daybreak,2000
The Ridin' Rascal,1926
Don wo utta otoko,1999
Travel,2018
Luchadores de las estrellas,1992
Shooting Clerks,2016
A Bedroom Boy Story,2018
Take Me to the Moon,2017
The World Moves On,1934
La puritaine,1986
Trash,2015
Boy A,2007
Aavash,2015
Sommerhuset,2008
Conspiracy Theory,1997
Seksolatki,1972
Misterioso asesinato en la universidad,2012
Redistributors,2016
World and the Flesh,1932
Tigisti,2012
Grandeur nature,1974
Kimurake no hitobito,1988
Jaal,2010
Qiu yu can hua,1953
The Strongest Man in the World,1975
Stupidity,2017
Hi no tori,1956
Domestic Troubles,1928
White Hot,1989
The Stepping Stone,1916
Grand Old Girl,1935
Polites B' katigorias,1981
Domnisoara Christina,2013
O Livro Multicolorido de Karnak,2006
All for Love (II),2012
Rozygrysh,2008
After the Storm,2013
Jie shi huang hou,1964
Zlatna levica - Prica o Radivoju Koracu,2011
Khun krabii hiiroh,2004
Mud Maza,2016
Rock Rock Rock!,1956
Wakai musume ga ippai,1966
Senza la parola fine,2003
"Quem Sabe, Sabe!",1956
The Lilian Velez Story: Till Death Do Us Part,1995
Kolanji,2017
Toryu-den,1995
L'ultimo Goal,2013
"Hawaii, Oslo",2004
Water,1985
Tie Pat Kai Kawin,1935
Hesperia,2017
Kreator - Revisioned Glory,2003
Blood Beach,1980
Girl with Green Eyes,1964
Ahankari,1992
Si Doray naman...,1964
Monakh i bes,2016
Tera Mera Saath Rahen,2001
The Ruling Passion,1916
Thank Evans,1938
Tere Mere Phere,2011
Lady Wolf,1991
Goli covjek,1968
Cadavere per signora,1964
If Lucy Fell,1996
Ek Anari Duja Khiladi,2000
Yu dao nu chao,1977
Trashology,2012
Honey,1982
Chrome Hearts,1989
"Cry, the Beloved Country",1995
It: Chapter Two,2019
The Gorilla,1930
Subhash Chandra,1978
Yosmalar tuzagi,1971
No pan shabu shabu: kahanshin settai,1998
We Shall Meet Again,1984
Building Butterflies,2015
Jack Ryan: Shadow Recruit,2014
White of Winter,2003
K-Town,2009
In Justice,2004
Salute to Life,1990
Kader Kuler Bou,2015
Caminero,1997
Baby Cat,1983
OK 12 startuje,1961
Te bie shou shu shi,1988
Overland Stagecoach,1942
Sensei Redenshon,2013
Nochnye strazhi,2016
Doea tanda mata,1985
Let Not Man Put Asunder,1924
The Chair (II),2007
Saddle Up with Dick Wrangler & Injun Joe,2009
Calibre 38,1919
Bez pravosudiya,1991
Akher eldonia,2006
Laki-laki pilihan,1973
Dryan,1990
Namdaemun chulshin Yong-pali,1970
Fat Girls,2006
Esther's Diary,2010
Paraisong gubat,1986
Una noche,2012
Dust to Dust,1994
Law and Lawless,1932
Prick Up Your Ears,1987
Magic Hour 3,2011
Bonjour... Je m'appelle Maxime Renard,2008
Cooking for Two,2016
Cornelia,1971
Pater,2011
Dom vetra,2011
Entre chiens et loups,2002
Tierra Santa,1969
Next to No Time,1958
Sky High,2005
Somos novios,1969
Hellyys,1972
Koritsia gia tsibima,1985
Night Train to Venice,1993